program,gender,age,height,weight,prev_salary,expected_salary,preferred_organization,Do you LIVE WITH YOUR PARENTS? ,monthly_expenses,transport_mode,transport_cost,entertainment_cost,cellphone_cost,foot_size,alcoholic_drinks_per_week,sleep_hours,How much time in hours do you spend each week on social netorking sites?,study_hours,work_hours,travel_outside_NA,pay_own_tuition,coffees_per_day,height_m,BMI,coffee_per_week,total_monthly_expense
20,0,22.0,177.8,110.0,1400.0,4000.0,. Non-profit or Government Agency,No,700,1. Walk,0,100,68,11.12,0,8,10,10,0,Yes,No,0.0,1.778,34.79598795932286,0.0,700010068
20,0,24.0,175.0,63.0,2000.0,3750.0,. Small Company,Yes,300,3. Drive,600,150,60,9.5,0,8,7,20,0,Yes,Yes,2.0,1.75,20.571428571428573,14.0,30060015060
20,0,24.0,182.88,100.0,2000.0,3500.0,. Small Company,Yes,$200,3. Drive,$100,$150,$82,10.5,1,6,20,20,8,Yes,No,0.0,1.8288,29.899751157527007,0.0,$200$100$150$82
20,0,34.0,162.56,61.3,2500.0,3500.0,. Large Corporation,Yes,300,3. Drive,500,400,70,7,0,7-8,14,20,0,Yes,No,1.0,1.6256,23.197067878510758,7.0,30050040070
20,0,24.0,160.0,54.0,0.0,3800.0,. Small Company,Yes,500,3. Drive,300,100,90,size 8 in inches,0-3,6-7,6 hours,11 hours,0,Yes,Yes,1.0,1.6,21.093749999999996,7.0,50030010090
20,0,24.0,164.0,65.0,2500.0,5000.0,. Small Company,Yes,500,2. Public Transport,40,150,55,9.25,0,7,20,25,0,Yes,Yes,0.0,1.64,24.167162403331353,0.0,5004015055
20,0,27.0,153.0,55.0,2300.0,3000.0,. Small Company,No,$400,3. Drive,$600,$100,$120,6,0,7,8,25,12,Yes,Yes,1.0,1.53,23.49523687470631,7.0,$400$600$100$120
20,0,22.0,155.45,50.0,1600.0,2500.0,. Large Corporation,No,500,2. Public Transport,0,30,95,9.5,0,10,5,40,0,No,No,3.0,1.5545,20.691336878655964,21.0,50003095
20,0,24.0,165.0,58.0,0.0,3000.0,. Large Corporation,Yes,1000,3. Drive,150,60,0,14,0,7,25,40,8,Yes,No,1.0,1.65,21.30394857667585,7.0,1000150600
20,0,23.0,179.0,86.0,2500.0,3200.0,. Small Company,Yes,400,3. Drive,340,250,60,10.25,5,7,2,24,8,No,Yes,3.0,1.79,26.840610467838083,21.0,40034025060
20,0,25.0,150.0,50.0,3500.0,4000.0,. Large Corporation,Yes,500,2. Public Transport,100,140,53.76,9,3,5,5,30,0,Yes,Yes,0.0,1.5,22.22222222222222,0.0,50010014053.76
20,0,22.0,174.0,51.0,800.0,4000.0,. Large Corporation,Yes,300,2. Public Transport,0,200,125,10,3,8,14,20,12,Yes,No,1.0,1.74,16.84502576298058,7.0,3000200125
20,0,23.0,163.0,49.0,1700.0,3000.0,. Non-profit or Government Agency,Yes,200,3. Drive,120,100,65,9,0,6,2,10,4,Yes,No,1.0,1.63,18.442545824080696,7.0,20012010065
20,0,24.0,160.0,66.0,1600.0,3750.0,. Small Company,Yes,400,3. Drive,440,100,100,9.5,0,6.5,3,12,0,Yes,No,2.0,1.6,25.781249999999996,14.0,400440100100
20,0,23.0,157.0,66.0,2000.0,3750.0,. Large Corporation,Yes,400,4. Carpool,0,50,55,9.5,0,6.5,31.5,30,0,Yes,Yes,1.0,1.57,26.775934114974238,7.0,40005055
20,0,29.0,170.0,81.0,2400.0,4000.0,. Small Company,No,1000,2. Public Transport,40,100,95,10.56,4,7,1.5,40,10,Yes,Yes,1.0,1.7,28.027681660899656,7.0,10004010095
20,0,35.0,157.0,64.0,3900.0,4500.0,. Non-profit or Government Agency,No,300,3. Drive,60,80,50,9,3,7,1,36,7,Yes,No,0.0,1.57,25.96454217209623,0.0,300608050
16,0,24.0,161.0,52.1,0.0,4000.0,. Large Corporation,No,1000,3. Drive,300,500,60,9.06,0,8,14,7,20,Yes,Yes,0.0,1.61,20.099533197021717,0.0,100030050060
16,0,22.0,165.0,109.0,0.0,2500.0,. Large Corporation,No,1000,2. Public Transport,0,30,50,9.25,0,9,20,30,0,Yes,No,3.0,1.65,40.03673094582186,21.0,100003050
16,0,21.0,181.0,70.0,2100.0,6666.0,. Large Corporation,No,2100,2. Public Transport,30,30,50,,1,8,2,40,20,Yes,No,1.0,1.81,21.36686914318855,7.0,2100303050
16,0,23.0,180.0,88.0,0.0,3000.0,. Small Company,No,1500,2. Public Transport,0,200,70,10,0,7,40,25,0,No,Yes,0.0,1.8,27.160493827160494,0.0,1500020070
16,0,35.0,160.0,50.0,3000.0,3000.0,. Non-profit or Government Agency,No,1500,2. Public Transport,130,200,60,,,7,1,10,20,Yes,No,2.0,1.6,19.531249999999996,14.0,150013020060
16,0,21.0,183.0,85.0,4400.0,6500.0,. Small Company,Yes,500,3. Drive,500,500,120,12,10,7,1 hour,30,30,Yes,Yes,2.0,1.83,25.381468541909282,14.0,500500500120
16,0,30.0,178.0,75.0,3500.0,4500.0,. Large Corporation,No,2000,3. Drive,250,80,77,10,3,7,1,15,0,Yes,Yes,2.0,1.78,23.671253629592222,14.0,20002508077
16,0,23.0,195.0,110.0,5200.0,6000.0,. Other,Yes,400,3. Drive,100,50,85,12.2,0,5,2,20,8,No,No,0.5,1.95,28.928336620644316,3.5,4001005085
16,0,20.0,180.0,75.0,3800.0,5000.0,. Large Corporation,Yes,350,3. Drive,120,350,105,,0,5,6,28,24,Yes,No,0.5,1.8,23.148148148148145,3.5,350120350105
16,0,23.0,175.0,70.0,3300.0,4000.0,. Large Corporation,Yes,1500,3. Drive,50,20,40,10.4,0,7,5,15,0,Yes,No,0.0,1.75,22.857142857142858,0.0,1500502040
16,0,22.0,178.0,77.0,300.0,5000.0,. Large Corporation,No,$2000,2. Public Transport,$50,$50,$50,25,0,8,30,4,8,Yes,No,1.0,1.78,24.302487059714682,7.0,$2000$50$50$50
16,0,23.0,176.0,83.0,2500.0,5000.0,. Non-profit or Government Agency,No,2000,3. Drive,1000,200,120,10.5,0,5,12,30,8,Yes,No,2.0,1.76,26.794938016528928,14.0,20001000200120
16,0,30.0,158.0,56.0,2600.0,3200.0,. Small Company,Yes,2000,2. Public Transport,40,600,,14,4,6.5,10,14,3,Yes,Yes,0.0,1.58,22.432302515622492,0.0,
16,0,24.0,165.0,52.0,3750.0,5000.0,. Large Corporation,Yes,200,3. Drive,680,210,85,10.25,0,8,3,25,0,Yes,No,0.0,1.65,19.100091827364558,0.0,20068021085
16,0,28.0,158.0,57.0,2800.0,4000.0,. Large Corporation,Yes,500,2. Public Transport,0,100,75,9,1,7,4,25,0,Yes,Yes,1.0,1.58,22.832879346258608,7.0,500010075
16,0,20.0,182.0,80.0,0.0,3750.0,. Small Company,Yes,300,3. Drive,100,100,50,10.35,8,6,12,15,0,Yes,No,2.0,1.82,24.151672503320853,14.0,30010010050
16,0,23.0,170.0,69.0,2500.0,4500.0,. Other,Yes,1500,3. Drive,200,100,90,9.6875,1,6,18,84,6,Yes,Yes,2.0,1.7,23.87543252595156,14.0,150020010090
16,0,26.0,190.0,77.0,3000.0,6200.0,. Large Corporation,Yes,450,3. Drive,160,40,60,11.25,8,6,2,7,6.5,Yes,Yes,4.0,1.9,21.329639889196677,28.0,4501604060
16,0,19.0,170.6,70.4,3800.0,4750.0,. Large Corporation,Yes,150-200,3. Drive,380,,0,9.8,3,8,3,30,16-24,Yes,Yes,1.0,1.706,24.188815696342406,7.0,
16,0,19.0,188.0,69.0,2000.0,3500.0,. Small Company,Yes,$0,3. Drive,$150,$150,$55,10.6,4,7,10,20,5,Yes,No,1.0,1.88,19.52240832956089,7.0,$0$150$150$55
16,0,19.0,168.0,62.3,0.0,3200.0,. Large Corporation,No,1100,1. Walk,0,120,45,7.5,3,6,,,0,Yes,Yes,0.0,1.68,22.0734126984127,0.0,1100012045
16,0,26.0,165.0,48.0,0.0,3000.0,. Large Corporation,No,800,2. Public Transport,100,500,48,idk,it depends,8,22,60,0,Yes,No,0.0,1.65,17.63085399449036,0.0,80010050048
20,0,27.0,175.0,74.0,3600.0,4500.0,. Other,No,,5. Other,10,10,85,,6,8,3,6,0,Yes,No,2.0,1.75,24.163265306122447,14.0,
16,0,24.0,162.0,99.0,0.0,5000.0,. Large Corporation,No,12000,3. Drive,500,3000,140,40,0,7,3,5,0,Yes,No,0.0,1.62,37.722908093278456,0.0,120005003000140
16,0,20.0,180.0,70.0,2500.0,4500.0,. Non-profit or Government Agency,Yes,0,3. Drive,100,100,80,10.5,1,7,4,12,0,Yes,No,1.0,1.8,21.604938271604937,7.0,010010080
0,0,33.0,167.0,70.0,4000.0,4000.0,. Large Corporation,No,2500,2. Public Transport,70,250,120,9.68,0,7,1,0,40,No,Yes,0.0,1.67,25.099501595611173,0.0,250070250120
0,0,29.0,180.0,65.0,4500.0,7000.0,. Large Corporation,Yes,1000,3. Drive,1000,500,50,10,0,7,5,10,40,Yes,Yes,3.0,1.8,20.061728395061728,21.0,1000100050050
0,0,22.0,175.0,59.0,2600.0,3000.0,. Large Corporation,Yes,$150,3. Drive,$10,$300,$40,,3,8,21,2,40,Yes,No,3.0,1.75,19.26530612244898,21.0,$150$10$300$40
0,0,27.0,166.0,70.0,1600.0,2300.0,. Non-profit or Government Agency,Yes,200,2. Public Transport,60,70,45,11,0,7,10,0,40,Yes,No,3.0,1.66,25.402816083611555,21.0,200607045
0,0,29.0,171.0,64.0,1600.0,2000.0,. Non-profit or Government Agency,No,1800,2. Public Transport,40,100,72,,3,7,5,,50,Yes,No,3.0,1.71,21.887076365377382,21.0,18004010072
0,0,25.0,165.0,60.0,5000.0,5500.0,. Small Company,No,2000,1. Walk,0,100,50,9 1/4,2,8,5,0,40,Yes,No,4.0,1.65,22.03856749311295,28.0,2000010050
0,0,27.0,180.0,70.0,0.0,5000.0,. Small Company,No,,1. Walk,0,1000,90,,10,7,1,10,40,Yes,Yes,0.0,1.8,21.604938271604937,0.0,
0,0,26.0,171.0,60.0,5000.0,6000.0,. Large Corporation,No,500,2. Public Transport,140,500,70,9.6,10,7,5,5,5,Yes,Yes,1.0,1.71,20.519134092541297,7.0,50014050070
0,0,28.0,178.0,86.0,4000.0,5000.0,. Small Company,No,1200,2. Public Transport,40,300,50,13,5,7,7,10,40,Yes,Yes,2.0,1.78,27.143037495265748,14.0,12004030050
0,0,32.0,180.0,86.0,2800.0,5500.0,. Small Company,No,775,2. Public Transport,,30,65,11,16,7,2,0,14,No,Yes,1.0,1.8,26.54320987654321,7.0,
0,0,24.0,168.0,72.0,4400.0,6000.0,. Small Company,No,1800,2. Public Transport,140,600,64,10.43,12,8,14,14,40,Yes,No,1.5,1.68,25.510204081632658,10.5,180014060064
0,0,26.0,164.0,64.0,3300.0,4000.0,. Small Company,No,1600,2. Public Transport,200,400,60,9,10,6,8,4,37.5,No,Yes,2.0,1.64,23.795359904818564,14.0,160020040060
0,0,27.0,155.0,46.0,3038.0,5000.0,. Large Corporation,No,2500,3. Drive,200,200,75,8.75,1,8,10,8,40,Yes,No,1.0,1.55,19.14672216441207,7.0,250020020075
0,0,24.0,150.0,45.0,3000.0,4000.0,. Large Corporation,Yes,2000,3. Drive,250,500,75,8.7,0,7,10,20,40,Yes,Yes,1.0,1.5,20.0,7.0,200025050075
0,0,30.0,165.0,60.0,2000.0,4000.0,. Non-profit or Government Agency,No,500,1. Walk,20,100,70,i don't know,0,8,1,10,40,Yes,Yes,1.0,1.65,22.03856749311295,7.0,5002010070
0,0,25.0,183.0,101.0,3000.0,5000.0,. Large Corporation,Yes,200,2. Public Transport,0,30,90,11,5,7,10,none right now as i am not in classes,20,No,No,1.0,1.83,30.15915673803338,7.0,20003090
0,0,25.0,181.0,70.0,3200.0,4000.0,. Small Company,No,1850,5. Other,80,60,60,9,1,7,8,7,32,Yes,No,2.0,1.81,21.36686914318855,14.0,1850806060
0,0,23.0,185.0,90.0,0.0,5000.0,. Non-profit or Government Agency,Yes,200,2. Public Transport,40,50,40,13,0,12,10,0,20,Yes,No,0.0,1.85,26.296566837107374,0.0,200405040
0,0,25.0,161.0,64.0,2900.0,5400.0,. Large Corporation,Yes,900,2. Public Transport,150,10,50,9.3,0,8,10.5,35,0,Yes,Yes,0.0,1.61,24.690405462752206,0.0,9001501050
0,0,25.0,178.0,80.0,0.0,4000.0,. Small Company,No,900,2. Public Transport,145,20,80,10,2,7,10,20,40,Yes,Yes,2.0,1.78,25.24933720489837,14.0,9001452080
0,0,24.0,170.0,83.0,2316.0,5000.0,. Small Company,Yes,300,3. Drive,50,200,250,10,0,5,8,40,40,Yes,Yes,3.0,1.7,28.719723183391007,21.0,30050200250
16,0,25.0,175.0,80.0,2500.0,4000.0,. Small Company,No,300,3. Drive,250,100,50,12.5,8,7,8- to much ,8 +,40,Yes,Yes,4.0,1.75,26.122448979591837,28.0,30025010050
0,0,30.0,160.0,52.0,3500.0,5000.0,. Small Company,Yes,300,2. Public Transport,150,50,50,9,0,7,7,8,40,Yes,Yes,1.0,1.6,20.312499999999996,7.0,3001505050
0,0,26.0,183.0,86.0,3600.0,4000.0,. Large Corporation,No,"$2,000",5. Other,$0,$200,$60,8,0,8,15,35,40,Yes,Yes,1.0,1.83,25.680074054167036,7.0,"$2,000$0$200$60"
0,0,28.0,170.0,77.0,4200.0,4200.0,. Other,No,2400,2. Public Transport,40,200,60,10,7,8,2,0,8,Yes,No,5.0,1.7,26.643598615916957,35.0,24004020060
0,0,27.0,180.0,77.0,3750.0,4500.0,. Large Corporation,No,2700,3. Drive,40,40,60,9,0,7.5,8,12,40,Yes,Yes,1.0,1.8,23.76543209876543,7.0,2700404060
0,0,30.0,180.0,62.0,4500.0,5500.0,. Large Corporation,No,$2000,3. Drive,$125,$200,$100,8,0,8,4,5,40,Yes,Yes,0.0,1.8,19.1358024691358,0.0,$2000$125$200$100
0,0,31.0,162.0,55.0,4000.0,5000.0,. Large Corporation,No,1500,3. Drive,$10,300,43,9.625,1,8,8,10,40,Yes,Yes,1.0,1.62,20.957171162932475,7.0,1500$1030043
0,0,25.0,178.0,73.0,4000.0,5800.0,. Large Corporation,Yes,400,3. Drive,450,50,80,10,4,6,15,0,40,Yes,Yes,1.0,1.78,23.04002019946976,7.0,4004505080
0,0,27.0,179.0,70.0,0.0,4000.0,. Large Corporation,Yes,1500,5. Other,0,300,60,,10,7.5,0,4,12,Yes,No,0.0,1.79,21.847008520333322,0.0,1500030060
0,0,29.0,165.0,54.0,1800.0,3800.0,. Small Company,Yes,500,2. Public Transport,100,60,33,10,0,7,8,8,32,No,Yes,1.0,1.65,19.834710743801654,7.0,5001006033
0,0,35.0,158.0,65.0,2000.0,5000.0,. Large Corporation,No,2300$,2. Public Transport,90$,200$,45$,6.5,0-1,6-8hrs,2,5,24,Yes,No,0.0,1.58,26.037493991347535,0.0,2300$90$200$45$
0,0,33.0,164.0,54.0,4042.0,4041.0,. Small Company,No,1000,3. Drive,100,300,65,7.5,0,7,10,10,40,Yes,Yes,1.0,1.64,20.077334919690664,7.0,100010030065
0,0,25.0,180.0,79.0,3900.0,4500.0,. Large Corporation,No,1600,3. Drive,80,600,95,10,8,6.75,5,12,45,Yes,Yes,2.0,1.8,24.382716049382715,14.0,16008060095
16,0,24.0,170.0,73.0,2316.0,5000.0,. Small Company,Yes,300,3. Drive,200,300,244,10,0,5,1,40,40,Yes,Yes,4.0,1.7,25.25951557093426,28.0,300200300244
0,0,35.0,158.0,65.0,1500.0,3000.0,. Small Company,No,2000,2. Public Transport,100,300,50,6inches,0-1,6-8hrs,2-3hours,4-5hours,24hours,Yes,Yes,0.0,1.58,26.037493991347535,0.0,200010030050
0,0,22.0,178.0,75.0,5500.0,7000.0,. Large Corporation,No,2000,2. Public Transport,0,400,67,10,1,7.5,8,3,40,No,Yes,2.0,1.78,23.671253629592222,14.0,2000040067
0,0,26.0,181.0,96.0,4800.0,5500.0,. Non-profit or Government Agency,Yes,200,3. Drive,200,50,55,11,5,7,9,5,37.5,Yes,Yes,1.5,1.81,29.303134824944294,10.5,2002005055
0,0,34.0,150.0,64.0,0.0,3000.0,. Small Company,No,$2500,2. Public Transport,$175,$60,$50,5 and 1/2,0,8 hours,10 minutes,3 hours,0,Yes,No,1.0,1.5,28.444444444444443,7.0,$2500$175$60$50
0,0,27.0,181.0,80.0,5000.0,7000.0,. Small Company,No,2500,2. Public Transport,35,25,110,11,3,9,10,5,37,Yes,Yes,0.0,1.81,24.41927902078691,0.0,25003525110
0,0,28.0,168.0,67.0,0.0,6666.0,. Large Corporation,No,2500,3. Drive,100,10,60,9.5,2,6,6,4,45,Yes,Yes,2.0,1.68,23.738662131519277,14.0,25001001060
0,0,34.0,152.0,47.0,4600.0,5400.0,. Non-profit or Government Agency,Yes,$400,2. Public Transport,$20,$20,$50,8.75,0,6,0.5,25,40,Yes,Yes,1.0,1.52,20.342797783933516,7.0,$400$20$20$50
0,0,29.0,163.0,50.0,3500.0,4000.0,. Large Corporation,No,2000,3. Drive,70,400,35,8.75,none,8,5,8,40,Yes,Yes,1.0,1.63,18.818924310286427,7.0,20007040035
0,0,27.0,170.0,65.0,4300.0,5300.0,. Small Company,No,1200,2. Public Transport,20,200,60,10,2,7,7,3,40,Yes,No,2.0,1.7,22.49134948096886,14.0,12002020060
0,0,32.0,180.0,54.0,3400.0,4000.0,. Non-profit or Government Agency,No,Too much,3. Drive,60,40,75,6,5,7,1,8,35,Yes,No,1.0,1.8,16.666666666666664,7.0,Too much604075
0,0,23.0,165.0,50.0,1000.0,5000.0,. Other,No,500,1. Walk,20,50,50,5,1,9,20,5,40,Yes,No,1.0,1.65,18.36547291092746,7.0,500205050
0,0,25.0,173.0,66.0,4600.0,6600.0,. Large Corporation,No,1300,3. Drive,70,150,45,8.5,0,8,3,20,40,Yes,Yes,1.0,1.73,22.052190183434128,7.0,13007015045
0,0,30.0,163.0,61.0,2800.0,5000.0,. Large Corporation,No,1000,2. Public Transport,30,200,51,9.5,0,7,8,15,40,Yes,Yes,1.0,1.63,22.95908765854944,7.0,10003020051
15,0,23.0,180.4,86.18,3800.0,4000.0,. Small Company,Yes,$200,3. Drive,$250,$200,$50,132,2,8,2,2,Part-time,No,No,0.0,1.804,26.480941588291113,0.0,$200$250$200$50
2,0,21.0,188.0,100.0,2200.0,4000.0,. Large Corporation,Yes,$800,3. Drive,$150,$200,$80,11,2,8,6,20,20,Yes,No,0.0,1.88,28.293345405160707,0.0,$800$150$200$80
0,0,25.0,166.0,65.0,2400.0,4000.0,. Large Corporation,No,2000,2. Public Transport,30,100,75,9,0,7,7,7,37.5,Yes,Yes,1.0,1.66,23.588329220496444,7.0,20003010075
0,0,29.0,170.0,58.0,3400.0,4000.0,. Large Corporation,No,"3,000",2. Public Transport,50,100,100,10,8,7,8,20,10,Yes,No,2.0,1.7,20.06920415224914,14.0,"3,00050100100"
0,0,30.0,157.0,68.0,1400.0,3000.0,. Large Corporation,No,$400,2. Public Transport,$16,$20,$64,9.6,2,8,2,1,0,Yes,No,2.0,1.57,27.587326057852245,14.0,$400$16$20$64
0,0,37.0,172.72,56.36,4000.0,5000.0,. Large Corporation,No,4000,2. Public Transport,50,20,55,9.25,3,6,3,3,40,Yes,Yes,1.0,1.7272,18.892338822739926,7.0,4000502055
0,0,26.0,162.0,68.0,1200.0,3750.0,. Small Company,Yes,0,3. Drive,50,30,82,9.5,0,6,49,30,20,Yes,No,0.0,1.62,25.910684346898332,0.0,0503082
0,0,25.0,164.0,47.0,0.0,5500.0,. Small Company,Yes,150,2. Public Transport,50,100,35,9.4,0,7,10,5,28,Yes,No,0.0,1.64,17.474717430101133,0.0,1505010035
0,0,26.0,163.0,68.0,4300.0,5000.0,. Non-profit or Government Agency,No,2400,2. Public Transport,30,150,62,9,1,7,4,10,45,Yes,No,0.0,1.63,25.59373706198954,0.0,24003015062
0,0,32.0,168.0,74.0,4000.0,6500.0,. Large Corporation,No,,2. Public Transport,40,350,40,9.5 inches,0,8,2,2,40,Yes,Yes,0.0,1.68,26.218820861678008,0.0,
0,0,27.0,180.0,87.0,4000.0,5000.0,. Large Corporation,No,650,2. Public Transport,50,50,86,11,0,8,10,20,40,Yes,Yes,2.0,1.8,26.85185185185185,14.0,650505086
0,0,29.0,157.0,75.0,4410.0,5940.0,. Large Corporation,No,2355,2. Public Transport,whatever is charged for Upass in tuition,500,50,8.5 shoe size,0,7,1,16 - 20 (I think),35,Yes,No,1.0,1.57,30.427197857925268,7.0,2355whatever is charged for Upass in tuition50050
2,0,25.0,170.0,81.0,1200.0,6000.0,. Large Corporation,No,2000,3. Drive,400,500,15,10,1,5,15,7,26,Yes,Yes,1.0,1.7,28.027681660899656,7.0,200040050015
2,0,28.0,178.0,82.0,2880.0,4000.0,. Small Company,No,1000,2. Public Transport,40,100,36,10,0,7,4,5,20,Yes,Yes,0.0,1.78,25.88057063502083,0.0,10004010036
2,0,26.0,181.0,83.0,2600.0,4000.0,. Large Corporation,No,1500,1. Walk,0,500,55,,10,6.5,7,16,20,Yes,Yes,1.0,1.81,25.33500198406642,7.0,1500050055
2,0,28.0,158.0,49.0,3000.0,6500.0,. Large Corporation,No,3700,2. Public Transport,0,700,45,91,15,9,1,20,15,Yes,No,2.0,1.58,19.62826470116968,14.0,3700070045
0,0,34.0,185.0,81.0,5000.0,6000.0,. Large Corporation,No,1200,3. Drive,50,200,60,11,2,6,5,10,0,Yes,Yes,2.0,1.85,23.66691015339664,14.0,12005020060
0,0,27.0,154.0,60.0,4000.0,6000.0,. Large Corporation,Yes,300,2. Public Transport,50,100,50,9,0,6,15,10,40,Yes,Yes,0.0,1.54,25.2993759487266,0.0,3005010050
0,0,24.0,153.0,52.0,4000.0,5000.0,. Small Company,Yes,1600,2. Public Transport,80,50,50,9,,7,10,10,50,Yes,Yes,1.0,1.53,22.21367849972233,7.0,1600805050
0,0,36.0,179.0,70.0,6000.0,6500.0,. Non-profit or Government Agency,No,3000,5. Other,50,,50,12,0,8,1,10,20,Yes,Yes,0.0,1.79,21.847008520333322,0.0,
0,0,23.0,175.0,63.0,4500.0,5000.0,. Large Corporation,Yes,2500,3. Drive,200,300,50,10 inches,0,8,10,12,0,Yes,No,0.0,1.75,20.571428571428573,0.0,250020030050
0,0,26.0,180.0,94.0,0.0,4500.0,. Small Company,No,300,2. Public Transport,20,20,40,9.5,1,8,35,7,12,No,Yes,2.0,1.8,29.012345679012345,14.0,300202040
0,0,28.0,180.0,91.0,4500.0,7000.0,. Large Corporation,No,2000,2. Public Transport,100,200,70,11.61,1,8,30,15,40,No,Yes,0.0,1.8,28.086419753086417,0.0,200010020070
2,0,15.0,167.0,60.0,0.0,5000.0,. Large Corporation,Yes,800,1. Walk,0,100,100,7,2,9,5,2.5,2,No,No,5.0,1.67,21.513858510523864,35.0,8000100100
16,0,27.0,175.0,70.0,4500.0,5000.0,. Small Company,Yes,2500,3. Drive,300,100,66,9'11,0,6,10,7,0,Yes,Yes,1.0,1.75,22.857142857142858,7.0,250030010066
2,0,27.0,153.0,48.0,2000.0,4000.0,. Non-profit or Government Agency,No,1300,2. Public Transport,0,150,60,9,0,7,20,40,20,Yes,No,1.0,1.53,20.504933999743688,7.0,1300015060
0,0,23.0,185.0,81.0,3500.0,5500.0,. Large Corporation,Yes,800,2. Public Transport,46,200,45,10.5,0,9,15,20,20,Yes,Yes,1.0,1.85,23.66691015339664,7.0,8004620045
0,0,28.0,171.0,72.0,3600.0,4000.0,. Non-profit or Government Agency,Yes,800,2. Public Transport,270,100,40,10.4,1,6.5,5 ,12,37.5,Yes,Yes,0.0,1.71,24.622960911049557,0.0,80027010040
0,0,35.0,167.0,77.0,0.0,5000.0,. Non-profit or Government Agency,No,5000,2. Public Transport,,80,130,9,0,6,4,14,0,Yes,No,0.0,1.67,27.60945175517229,0.0,
0,0,24.0,174.0,65.0,5500.0,6300.0,. Large Corporation,No,$2500,2. Public Transport,$50,$200,$78,10,1,7,20,10,40,Yes,Yes,1.0,1.74,21.469150482230148,7.0,$2500$50$200$78
0,0,25.0,168.0,68.0,5000.0,5500.0,. Small Company,Yes,2000,3. Drive,120,70,65,9,0,7.5,7,6,37,Yes,No,2.0,1.68,24.092970521541954,14.0,20001207065
0,0,35.0,178.0,82.0,5700.0,6500.0,. Non-profit or Government Agency,No,2000,2. Public Transport,100,500,100,10.6,2,7,1.5,20,25,Yes,No,1.0,1.78,25.88057063502083,7.0,2000100500100
0,0,33.0,178.0,80.0,5600.0,7000.0,. Large Corporation,Yes,1500,2. Public Transport,40,100,45,10,1,6,20,7,40,Yes,Yes,0.0,1.78,25.24933720489837,0.0,15004010045
0,0,28.0,165.0,47.0,4200.0,6000.0,. Large Corporation,No,,2. Public Transport,,90,40,10,0,6,20,20,0,Yes,Yes,0.0,1.65,17.263544536271812,0.0,
0,0,25.0,178.0,80.0,4000.0,5000.0,. Large Corporation,No,2500,2. Public Transport,60,50,42,,0,7,12,20,0,Yes,No,1.0,1.78,25.24933720489837,7.0,2500605042
0,0,23.0,182.0,79.0,0.0,2500.0,. Non-profit or Government Agency,Yes,1000,3. Drive,50,100,45,10.24,0,7.5,3,12,0,Yes,No,1.0,1.82,23.849776597029344,7.0,10005010045
2,0,25.0,180.0,80.0,3500.0,5000.0,. Large Corporation,No,1500,1. Walk,0,10,50,10,0,6,1,10,1,Yes,Yes,1.5,1.8,24.691358024691358,10.5,150001050
16,0,27.0,168.0,68.0,1400.0,4000.0,. Large Corporation,No,1200,2. Public Transport,150,10,30,9.5,1,5,2,10,15,Yes,No,1.0,1.68,24.092970521541954,7.0,12001501030
0,0,28.0,180.0,78.0,0.0,4000.0,. Large Corporation,No,1200,2. Public Transport,50,200,60,,2,7,10,10,20,Yes,No,1.0,1.8,24.074074074074073,7.0,12005020060
0,0,35.0,167.0,77.0,0.0,5000.0,. Non-profit or Government Agency,No,5000,2. Public Transport,100,400,200,9,0,6,14,28,0,Yes,Yes,0.0,1.67,27.60945175517229,0.0,5000100400200
0,0,26.0,152.4,110.0,0.0,4000.0,. Large Corporation,Yes,100,2. Public Transport,0,50,,15.24,0,6,6,5,12,Yes,No,0.0,1.524,47.361205833522774,0.0,
0,0,25.0,178.0,78.0,0.0,3500.0,. Large Corporation,No,1000,2. Public Transport,35,50,40,,0,7,12,25,15,Yes,No,1.0,1.78,24.61810377477591,7.0,1000355040
0,0,23.0,179.0,71.0,0.0,4200.0,. Small Company,Yes,0,2. Public Transport,20,0,0,11,0,6.5,35,16,0,Yes,No,0.0,1.79,22.15910864205237,0.0,02000
0,0,36.0,178.0,82.0,5700.0,6500.0,. Non-profit or Government Agency,No,2000,2. Public Transport,200,200,80,10,2,8,4,15,20,Yes,Yes,2.0,1.78,25.88057063502083,14.0,200020020080
0,0,32.0,173.0,93.0,4400.0,7400.0,. Non-profit or Government Agency,No,3200,3. Drive,80,400,90,10,4,6,12,4,40,Yes,Yes,2.0,1.73,31.073540713020815,14.0,32008040090
0,0,29.0,171.0,73.0,3600.0,5000.0,. Large Corporation,Yes,500,2. Public Transport,200,100,40,9,0,6,5,8,37.5,Yes,Yes,0.5,1.71,24.96494647925858,3.5,50020010040
0,0,21.0,178.0,70.0,3000.0,5000.0,. Large Corporation,No,2500,3. Drive,100,100,100,12,8,7,10,8,0,Yes,Yes,3.0,1.78,22.093170054286073,21.0,2500100100100
19,0,33.0,179.0,85.0,0.0,6500.0,. Non-profit or Government Agency,Yes,1200,2. Public Transport,40,200,35,9,0,6,25,8,0,Yes,Yes,0.0,1.79,26.528510346119035,0.0,12004020035
0,0,24.0,172.0,53.0,5500.0,5500.0,. Large Corporation,No,$3000,2. Public Transport,$40,$250,78$,10.3,1,7,30,15,40,Yes,Yes,1.0,1.72,17.915089237425637,7.0,$3000$40$25078$
0,0,24.0,187.0,81.0,2500.0,5000.0,. Large Corporation,No,1500,2. Public Transport,50,200,40,11,0,10,10,15,30,Yes,Yes,1.0,1.87,23.163373273470786,7.0,15005020040
0,0,30.0,175.0,65.0,5000.0,6000.0,. Large Corporation,No,2000,2. Public Transport,45,100,30,10,0,8,10,15,40,Yes,Yes,2.0,1.75,21.224489795918366,14.0,20004510030
0,0,33.0,167.0,64.0,3000.0,4500.0,. Small Company,No,1500,2. Public Transport,$60,$50,115,9.5,4,7,25,20,38,Yes,Yes,1.0,1.67,22.948115744558788,7.0,1500$60$50115
0,0,23.0,182.0,79.0,0.0,2000.0,. Non-profit or Government Agency,No,1000,3. Drive,150,100,45,11,0,7,10,14,0,Yes,No,1.0,1.82,23.849776597029344,7.0,100015010045
8,0,26.0,152.4,54.54,3100.0,3300.0,. Non-profit or Government Agency,No,1200,3. Drive,300,10,30,9,4,6.5,10,10,6,Yes,Yes,2.0,1.524,23.482546965093928,14.0,12003001030
1,0,22.0,176.784,74.0,0.0,3000.0,. Large Corporation,No,500,2. Public Transport,0,100,86,6,1,7,11,5,24,Yes,No,4.0,1.7678399999999999,23.67804312831509,28.0,500010086
5,0,20.0,168.0,74.84,0.0,5000.0,. Large Corporation,Yes,$800,3. Drive,$160,$40,$90,9.69 inches long,0,11 hours,14 hours,17 hours,7 hours,Yes,No,0.0,1.68,26.51643990929706,0.0,$800$160$40$90
18,0,23.0,183.0,71.0,7000.0,6500.0,. Small Company,Yes,900,1. Walk,0,50,55,20,,6,21,20,0,Yes,No,0.0,1.83,21.20099137030069,0.0,90005055
5,0,27.0,164.0,50.0,0.0,5000.0,. Non-profit or Government Agency,No,3000,3. Drive,150,,50,8.75,much as I can,9,3hours,10hours,0,Yes,Yes,1.0,1.64,18.590124925639504,7.0,
16,0,21.0,178.0,66.0,0.0,3300.0,. Small Company,Yes,3900,3. Drive,700,0,80,11.25,0,8,0,40,0,Yes,No,0.0,1.78,20.830703194041156,0.0,3900700080
0,0,24.0,161.0,57.0,0.0,4000.0,. Large Corporation,Yes,200,2. Public Transport,0,20,0,8,1,8,30,25,8,Yes,Yes,0.0,1.61,21.98989236526368,0.0,2000200
7,0,29.0,162.0,70.0,3500.0,2600.0,. Large Corporation,No,1500,2. Public Transport,50,150,69,9.25,0-2,6,21,35,0,Yes,Yes,0.0,1.62,26.672763298277697,0.0,15005015069
0,0,23.0,185.0,93.0,3700.0,3200.0,. Small Company,Yes,60,2. Public Transport,90,75,50,9,1,7,5,10,8,Yes,Yes,0.0,1.85,27.173119065010955,0.0,60907550
5,0,24.0,170.0,81.0,5500.0,3500.0,. Large Corporation,Yes,700,3. Drive,750,150,117,10.5,0-2,7,10,18,8,Yes,No,1.0,1.7,28.027681660899656,7.0,700750150117
5,0,23.0,170.0,57.0,3000.0,5000.0,. Large Corporation,Yes,750,2. Public Transport,50,30,34,10,0,6,32,8,30,Yes,Yes,1.0,1.7,19.723183391003463,7.0,750503034
0,0,21.0,183.0,71.0,4000.0,5000.0,. Large Corporation,Yes,100,3. Drive,100,30,0,10.5 inches,0,7.5,20,4,5,Yes,No,0.5,1.83,21.20099137030069,3.5,100100300
16,0,20.0,178.0,84.0,3000.0,6000.0,. Large Corporation,Yes,300,3. Drive,150,100,70,11,0,7,10,15,16,Yes,No,1.0,1.78,26.511804065143288,7.0,30015010070
12,0,22.0,172.0,57.0,0.0,4000.0,. Large Corporation,No,"arounf $1,200 a month for both",2. Public Transport,$0,$200,$50,9 inches,4,7,15,10,12,Yes,Yes,2.0,1.72,19.2671714440238,14.0,"arounf $1,200 a month for both$0$200$50"
0,0,20.0,172.0,64.0,0.0,5000.0,. Large Corporation,No,1400,2. Public Transport,0,300,39,10.25,0,8,7,3,15,Yes,No,1.0,1.72,21.63331530557058,7.0,1400030039
0,0,29.0,165.0,62.0,3200.0,5000.0,. Large Corporation,Yes,150,2. Public Transport,0,300,25,,2,7,14,24,25,Yes,No,0.5,1.65,22.77318640955005,3.5,150030025
16,0,22.0,188.0,72.0,3200.0,5000.0,. Small Company,Yes,300,3. Drive,100,100,0,11,8,8,24,10,0,Yes,No,1.0,1.88,20.37120869171571,7.0,3001001000
16,0,19.0,182.0,55.0,0.0,5500.0,. Small Company,Yes,1000,2. Public Transport,110,200,35,9.9,average 0-2,5,12,over 30,about 24,Yes,No,1.0,1.82,16.604274846033086,7.0,100011020035
16,0,22.0,157.0,55.0,0.0,2000.0,. Large Corporation,Yes,750,3. Drive,400,200,100,,1,8,3,4,16,Yes,Yes,2.0,1.57,22.313278429145196,14.0,750400200100
2,0,23.0,157.0,73.0,0.0,5447.0,. Small Company,Yes,300,2. Public Transport,68,12,0,8.5,1,6,4,21,0,Yes,Yes,0.0,1.57,29.61580591504726,0.0,30068120
